department,average_salary
Customer Support,81131.86207
Finance,151301.48
HR,110548.0588
IT,180684.2857
Legal,204423.9688
Logistics,98217.42308
Marketing,141169.0882
Operations,122183.75
R&D,160200.7436
Sales,112395.4
